,PC1,PC2
Orbital_velocity_std,0.934510585694123,-0.18327311652009093
Stokes_Drifts_prof_on_Satellite_Direction,0.7824908041414033,0.23994722600788365
Mean_Wave_Period,0.218083984192239,0.809396285174997
Wind_Speed_Model,0.8982322575042572,-0.43032458927315603
SWH_Model,0.909693864085197,0.21274105266879406
