,PC1,PC2
Orbital_velocity_std,0.7299186569954932,-0.14401833674929718
Stokes_Drifts_prof_on_Satellite_Direction,-0.07580402059123058,0.009008145635014878
Mean_Wave_Period,0.34544961626620785,0.8308075638576968
Wind_Speed_Model,0.6810474590033837,-0.38678527422102627
SWH_Model,0.5988635221753489,0.13729588732298031
